from,to,realtionship ,time ,rang ,AK,price_money
tatad,tokyo2025,1,02:03:23,1,H,80.000
geder,tokyo2025,1,02:03:51,2,H,30.000
kivin,tokyo2025,1,02:04:00,3,H,15.000
kesut,tokyo2025,1,02:16:31,1,30,80.000
mowin,tokyo2025,1,02:16:56,2,H,30.000
fehaw,tokyo2025,1,02:17:00,3,H,15.000
kiben,tokyo2024,1,02:02:16,1,30,80.000
kitim,tokyo2024,1,02:02:55,2,30,30.000
kivin,tokyo2024,1,02:04:18,3,H,15.000
kesut,tokyo2024,1,02:15:55,1,30,80.000
waros,tokyo2024,1,02:16:14,2,30,30.000
beama,tokyo2024,1,02:16:58,3,30,15.000
gedes,tokyo2023,1,02:05:22,1,H,80.000
esmoh,tokyo2023,1,02:05:22,2,H,30.000
getse,tokyo2023,1,02:05:25,3,H,15.000
waros,tokyo2023,1,02:16:28,1,H,80.000
getse,tokyo2023,1,02:16:56,2,H,30.000
beash,tokyo2023,1,02:19:11,3,35,15.000
kitit,tokyo2023,1,02:05:32,4,H,7.000
lecam,tokyo2023,1,02:05:36,5,30,5.000
edwor,tokyo2023,1,02:20:13,4,30,7.000
sabet,tokyo2023,1,02:21:40,5,35,5.000
kihai,tokyo2024,1,02:05:43,4,35,7.000
getse,tokyo2024,1,02:06:25,5,H,5.000
hasif,tokyo2024,1,02:18:05,4,30,7.000
sabet,tokyo2024,1,02:19:17,5,35,5.000
kitit,tokyo2025,1,02:05:34,4,H,7.000
ummul,tokyo2025,1,02:05:46,5,H,5.000
mamag,tokyo2025,1,02:19:28,4,31,7.000
waros,tokyo2025,1,02:19:57,5,30,5.000
sasab,berlin2025,1,02:02:16,1,30,30.000
akaki,berlin2025,1,02:06:15,2,H,15.000
dechi,berlin2025,1,02:06:57,3,H,10.000
adguy,berlin2025,1,02:07:11,4,35,8.000
uryuh,berlin2025,1,02:07:35,5,H,6.500
waros,berlin2025,1,02:21:05,1,30,30.000
dider,berlin2025,1,02:21:08,2,H,15.000
geazm,berlin2025,1,02:21:29,3,30,10.000
chvio,berlin2025,1,02:21:40,4,35,8.000
wofan,berlin2025,1,02:21:57,5,H,6.500
memil,berlin2024,1,02:03:17,1,H,30.000
kocyb,berlin2024,1,02:03:22,2,30,15.000
alhay,berlin2024,1,02:03:31,3,H,10.000
kiste,berlin2024,1,02:03:37,4,H,8.000
kihai,berlin2024,1,02:04:35,5,H,6.500
ketig,berlin2024,1,02:16:42,1,H,30.000
fimes,berlin2024,1,02:18:48,2,H,15.000
mubos,berlin2024,1,02:19:00,3,H,10.000
muabe,berlin2024,1,02:20:20,4,H,8.000
hoai,berlin2024,1,02:20:31,5,H,6.500
kieli,berlin2023,1,02:02:42,1,35,30.000
kivin,berlin2023,1,02:03:13,2,H,15.000
tatad,berlin2023,1,02:03:24,3,H,10.000
koron,berlin2023,1,02:04:22,4,30,8.000
tehaf,berlin2023,1,02:04:42,5,H,6.500
astig,berlin2023,1,02:11:53,1,H,30.000
chshe,berlin2023,1,02:17:49,2,30,15.000
shmag,berlin2023,1,02:18:41,3,H,10.000
yizei,berlin2023,1,02:19:07,4,H,8.000
tesen,berlin2023,1,02:19:21,5,H,6.500
jeper,wm2025,2,02:24:43,1,30,X
astig,wm2025,2,02:24:45,2,H,X
pajul,wm2025,2,02:27:23,3,H,X
sialp,wm2025,2,02:09:48,1,30,X
peama,wm2025,2,02:09:48,2,30,X
aoili,wm2025,2,02:09:53,3,30,X
kivic,wm2023,2,02:08:53,1,H,X
temar,wm2023,2,02:09:12,2,30,X
geleu,wm2023,2,02:09:19,3,30,X
shama,wm2023,2,02:24:23,1,30,X
gegot,wm2023,2,02:24:34,2,H,X
gafat,wm2023,2,02:25:17,3,30,X
totam,olymp2024,3,02:06:26,1,30,X
abbas,olymp2024,3,02:06:47,2,35,X
kiben,olymp2024,3,02:07:00,3,30,X
hasif,olymp2024,3,02:22:55,1,30,X
astig,olymp2024,3,02:22:58,2,H,X
obhel,olymp2024,3,02:23:10,3,35,X
jeper,olymp2021,3,02:27:20,1,H,X
kobri,olymp2021,3,02:27:36,2,H,X
semol,olymp2021,3,02:27:46,3,H,X
kieli,olymp2021,3,02:08:38,1,35,X
naabd,olymp2021,3,02:09:58,2,30,X
abbas,olymp2021,3,02:10:00,3,30,X
kojoh,boston2025,1,02:04:45,1,H,150.000
sialp,boston2025,1,02:04:54,2,30,75.000
kocyb,boston2025,1,02:05:04,3,30,40.000
macon,boston2025,1,02:05:08,4,H,25.000
edmuk,boston2025,1,02:05:59,5,30,18.000
losha,boston2025,1,02:17:22,1,30,200.000
obhel,boston2025,1,02:17:41,2,35,75.000
yeyal,boston2025,1,02:18:06,3,H,40.000
chire,boston2025,1,02:21:32,4,30,25.000
beama,boston2025,1,02:21:58,5,30,18.000
lesis,boston2024,1,02:06:17,1,30,150.000
esmoh,boston2024,1,02:06:58,2,H,75.000
cheva,boston2024,1,02:07:22,3,35,40.000
kojoh,boston2024,1,02:07:40,4,H,25.000
koalb,boston2024,1,02:07:47,5,30,18.000
obhel,boston2024,1,02:22:37,1,30,150.000
losha,boston2024,1,02:22:45,2,30,75.000
kiedn,boston2024,1,02:23:21,3,40,40.000
dibuz,boston2024,1,02:24:04,4,30,25.000
tesen,boston2024,1,02:24:04,5,H,18.000
cheva,boston2023,1,02:05:54,1,30,150.000
gegab,boston2023,1,02:06:04,2,H,75.000
kiben,boston2023,1,02:06:06,3,30,40.000
koalb,boston2023,1,02:08:01,4,H,25.000
tazou,boston2023,1,02:08:35,5,H,18.000
obhel,boston2023,1,02:21:38,1,30,150.000
beama,boston2023,1,02:21:50,2,30,75.000
salon,boston2023,1,02:21:57,3,30,40.000
yeaba,boston2023,1,02:22:00,4,30,25.000
baemm,boston2023,1,02:22:10,5,30,18.000
kiben,nyc2025,1,02:08:09,1,30,100.000
muale,nyc2025,1,02:08:09,2,H,60.000
depat,nyc2025,1,02:08:58,3,H,40.000
kymat,nyc2025,1,02:09:55,4,35,25.000
rejoe,nyc2025,1,02:09:56,5,30,15.000
obhel,nyc2025,1,02:19:51,1,35,100.000
losha,nyc2025,1,02:20:07,2,30,60.000
chshe,nyc2025,1,02:20:24,3,30,40.000
okfio,nyc2025,1,02:22:49,4,H,25.000
frann,nyc2025,1,02:24:12,5,H,15.000
naabd,nyc2024,1,02:07:39,1,35,100.000
cheva,nyc2024,1,02:07:45,2,35,60.000
koalb,nyc2024,1,02:08:00,3,30,40.000
totam,nyc2024,1,02:08:12,4,30,25.000
kageo,nyc2024,1,02:08:50,5,30,15.000
chshe,nyc2024,1,02:24:35,1,30,100.000
obhel,nyc2024,1,02:24:49,2,30,60.000
chviv,nyc2024,1,02:25:21,3,40,40.000
cheun,nyc2024,1,02:25:58,4,30,25.000
scfab,nyc2024,1,02:26:31,5,30,15.000
totam,nyc2023,1,02:04:58,1,30,100.000
koalb,nyc2023,1,02:06:57,2,H,60.000
shkit,nyc2023,1,02:07:11,3,H,40.000
naabd,nyc2023,1,02:10:21,4,30,25.000
konae,nyc2023,1,02:10:25,5,30,15.000
obhel,nyc2023,1,02:27:23,1,30,100.000
gilet,nyc2023,1,02:27:29,2,H,60.000
losha,nyc2023,1,02:27:33,3,H,40.000
kobri,nyc2023,1,02:27:45,4,H,25.000
ngmar,nyc2023,1,02:27:53,5,30,15.000
kijac,chicago2025,1,02:02:23,1,24,100.000
kiamo,chicago2025,1,02:03:54,2,33,75.000
maale,chicago2025,1,02:04:37,3,28,50.000
macon,chicago2025,1,02:04:43,4,28,30.000
eshus,chicago2025,1,02:04:49,5,24,25.000
fehaw,chicago2025,1,02:14:57,1,26,100.000
almeg,chicago2025,1,02:17:18,2,27,75.000
shmag,chicago2025,1,02:18:03,3,29,50.000
chloi,chicago2025,1,02:18:24,4,28,30.000
ngmar,chicago2025,1,02:19:26,5,36,25.000
kojoh,chicago2024,1,02:02:44,1,27,100.000
eshus,chicago2024,1,02:04:39,2,24,75.000
kiamo,chicago2024,1,02:04:50,3,31,50.000
ngvin,chicago2024,1,02:05:16,4,25,30.000
ebdan,chicago2024,1,02:06:04,5,29,25.000
chrut,chicago2024,1,02:09:56,1,30,100.000
kesut,chicago2024,1,02:17:32,2,29,75.000
chiri,chicago2024,1,02:17:51,3,32,50.000
dibuz,chicago2024,1,02:20:22,4,30,30.000
jejoy,chicago2024,1,02:20:51,5,30,25.000
kikel,chicago2023,1,02:00:35,1,23,100.000
kiben,chicago2023,1,02:04:02,2,32,75.000
abbas,chicago2023,1,02:04:32,3,34,50.000
kojoh,chicago2023,1,02:05:09,4,26,30.000
tuabd,chicago2023,1,02:05:29,5,26,25.000
hasif,chicago2023,1,02:13:44,1,30,100.000
chrut,chicago2023,1,02:15:37,2,29,75.000
almeg,chicago2023,1,02:17:09,3,25,50.000
jejoy,chicago2023,1,02:17:23,4,29,30.000
tenar,chicago2023,1,02:20:04,5,22,25.000
sasab,london2025,1,02:02:27,1,30,55000
kijac,london2025,1,02:03:37,2,H,30000
muale,london2025,1,02:04:20,3,H,22500
naabd,london2025,1,02:04:20,4,35,15.000
totam,london2025,1,02:04:42,5,30,10.000
astig,london2025,1,02:15:50,1,H,55000
jejoy,london2025,1,02:18:43,2,30,30000
hasif,london2025,1,02:18:59,3,30,22500
dehav,london2025,1,02:19:17,4,H,15.000
chviv,london2025,1,02:22:32,5,40,10.000
muale,london2024,1,02:04:01,1,H,55.000
beken,london2024,1,02:04:15,2,40,30.000
caemi,london2024,1,02:06:46,3,H,22.500
mamah,london2024,1,02:07:05,4,H,15.000
chhas,london2024,1,02:07:30,5,30,10.000
jeper,london2024,1,02:16:16,1,30,55.000
astig,london2024,1,02:16:23,2,H,30.000
jejoy,london2024,1,02:16:24,3,30,22.500
almeg,london2024,1,02:16:34,4,H,15.000
kobri,london2024,1,02:19:02,5,30,10.000
kikel,london2023,1,02:01:25,1,H,55.000
kageo,london2023,1,02:04:23,2,30,30.000
totam,london2023,1,02:04:59,3,30,22.500
geleu,london2023,1,02:05:45,4,30,15.000
tuabd,london2023,1,02:06:38,5,H,10.000
hasif,london2023,1,02:18:33,1,30,55.000
meale,london2023,1,02:18:37,2,H,30.000
jeper,london2023,1,02:18:38,3,30,22.500
chshe,london2023,1,02:18:52,4,30,15.000
yeyal,london2023,1,02:18:53,5,H,10.000