from,to,relationship,time ,ranking,age_group,price_money,weight
tatad,tokyo2025,1,7403,1,H,80000,3
geder,tokyo2025,1,7431,2,H,30000,3
ngvin,tokyo2025,1,7440,3,H,15000,3
kesut,tokyo2025,1,8191,1,30,80000,3
mowin,tokyo2025,1,8216,2,H,30000,3
fehaw,tokyo2025,1,8220,3,H,15000,3
kiben,tokyo2024,1,7336,1,30,80000,3
kitim,tokyo2024,1,7375,2,30,30000,3
kivin,tokyo2024,1,7458,3,H,15000,3
kesut,tokyo2024,1,8155,1,30,80000,3
waros,tokyo2024,1,8174,2,30,30000,3
beama,tokyo2024,1,8218,3,30,15000,3
gedes,tokyo2023,1,7522,1,H,80000,3
esmoh,tokyo2023,1,7522,2,H,30000,3
getse,tokyo2023,1,7525,3,H,15000,3
waros,tokyo2023,1,8188,1,H,80000,3
getse,tokyo2023,1,8216,2,H,30000,3
beash,tokyo2023,1,8351,3,35,15000,3
kitit,tokyo2023,1,7532,4,H,7000,2
lecam,tokyo2023,-,7536,5,30,5000,2
edwor,tokyo2023,1,8413,4,30,7000,2
sabet,tokyo2023,1,8500,5,35,5000,2
kihai,tokyo2024,1,7543,4,35,7000,2
getse,tokyo2024,1,7585,5,H,5000,2
hasif,tokyo2024,1,8285,4,30,7000,2
sabet,tokyo2024,1,8357,5,35,5000,2
kitit,tokyo2025,1,7534,4,H,7000,2
ummul,tokyo2025,1,7546,5,H,5000,2
mamag,tokyo2025,1,8368,4,31,7000,2
waros,tokyo2025,1,8397,5,30,5000,2
sasab,berlin2025,1,7336,1,30,30000,3
akaki,berlin2025,1,7575,2,H,15000,3
dechi,berlin2025,1,7617,3,H,10000,3
adguy,berlin2025,1,7631,4,35,8000,2
uryuh,berlin2025,1,7655,5,H,6500,2
waros,berlin2025,1,8465,1,30,30000,3
dider,berlin2025,1,8468,2,H,15000,3
geazm,berlin2025,1,8489,3,30,10000,3
chvio,berlin2025,1,8500,4,35,8000,2
wofan,berlin2025,1,8517,5,H,6500,2
memil,berlin2024,1,7397,1,H,30000,3
kocyb,berlin2024,1,7402,2,30,15000,3
alhay,berlin2024,1,7411,3,H,10000,3
kiste,berlin2024,1,7417,4,H,8000,2
kihai,berlin2024,1,7475,5,H,6500,2
ketig,berlin2024,1,8202,1,H,30000,3
fimes,berlin2024,1,8328,2,H,15000,3
mubos,berlin2024,1,8340,3,H,10000,3
muabe,berlin2024,1,8420,4,H,8000,2
hoai,berlin2024,1,8431,5,H,6500,2
kieli,berlin2023,1,7362,1,35,30000,3
kivin,berlin2023,1,7393,2,H,15000,3
tatad,berlin2023,1,7404,3,H,10000,3
koron,berlin2023,1,7462,4,30,8000,2
tehaf,berlin2023,1,7482,5,H,6500,2
astig,berlin2023,1,7913,1,H,30000,3
chshe,berlin2023,1,8269,2,30,15000,3
shmag,berlin2023,1,8321,3,H,10000,3
yizei,berlin2023,1,8347,4,H,8000,2
tesen,berlin2023,1,8361,5,H,6500,2
jeper,wm2025,2,8683,1,30,,3
astig,wm2025,2,8685,2,H,,3
pajul,wm2025,2,8843,3,H,,3
sialp,wm2025,2,7788,1,30,,3
peama,wm2025,2,7788,2,30,,3
aoili,wm2025,2,7793,3,30,,3
kivic,wm2023,2,7733,1,H,,3
temar,wm2023,2,7752,2,30,,3
geleu,wm2023,2,7759,3,30,,3
shama,wm2023,2,8663,1,30,,3
gegot,wm2023,2,8674,2,H,,3
gafat,wm2023,2,8717,3,30,,3
totam,olymp2024,3,7586,1,30,,3
abbas,olymp2024,3,7607,2,35,,3
kiben,olymp2024,3,7620,3,30,,3
hasif,olymp2024,3,8575,1,30,,3
astig,olymp2024,3,8578,2,H,,3
obhel,olymp2024,3,8590,3,35,,3
jeper,olymp2021,3,8840,1,H,,3
kobri,olymp2021,3,8856,2,H,,3
semol,olymp2021,3,8866,3,H,,3
kieli,olymp2021,3,7718,1,35,,3
naabd,olymp2021,3,7798,2,30,,3
abbas,olymp2021,3,7800,3,30,,3
kojoh,boston2025,1,7485,1,H,150000,3
sialp,boston2025,1,7494,2,30,75000,3
kocyb,boston2025,1,7504,3,30,40000,3
macon,boston2025,1,7508,4,H,25000,2
edmuk,boston2025,1,7559,5,30,18000,2
losha,boston2025,1,8242,1,30,200000,3
obhel,boston2025,1,8261,2,35,75000,3
yeyal,boston2025,1,8286,3,H,40000,3
chire,boston2025,1,8492,4,30,25000,2
beama,boston2025,1,8518,5,30,18000,2
lesis,boston2024,1,7577,1,30,150000,3
esmoh,boston2024,1,7618,2,H,75000,3
cheva,boston2024,1,7642,3,35,40000,3
kojoh,boston2024,1,7660,4,H,25000,2
koalb,boston2024,1,7667,5,30,18000,2
obhel,boston2024,1,8557,1,30,150000,3
losha,boston2024,1,8565,2,30,75000,3
kiedn,boston2024,1,8601,3,40,40000,3
dibuz,boston2024,1,8644,4,30,25000,2
tesen,boston2024,1,8644,5,H,18000,2
cheva,boston2023,1,7554,1,30,150000,3
gegab,boston2023,1,7564,2,H,75000,3
kiben,boston2023,1,7566,3,30,40000,3
koalb,boston2023,1,7681,4,H,25000,2
tazou,boston2023,1,7715,5,H,18000,2
obhel,boston2023,1,8498,1,30,150000,3
beama,boston2023,1,8510,2,30,75000,3
salon,boston2023,1,8517,3,30,40000,3
yeaba,boston2023,1,8520,4,30,25000,2
baemm,boston2023,1,8530,5,30,18000,2
kiben,nyc2025,1,7689,1,30,100000,3
muale,nyc2025,1,7689,2,H,60000,3
depat,nyc2025,1,7738,3,H,40000,3
kymat,nyc2025,1,7795,4,35,25000,2
rejoe,nyc2025,1,7796,5,30,15000,2
obhel,nyc2025,1,8391,1,35,100000,3
losha,nyc2025,1,8407,2,30,60000,3
chshe,nyc2025,1,8424,3,30,40000,3
okfio,nyc2025,1,8569,4,H,25000,2
frann,nyc2025,1,8652,5,H,15000,2
naabd,nyc2024,1,7659,1,35,100000,3
cheva,nyc2024,1,7665,2,35,60000,3
koalb,nyc2024,1,7680,3,30,40000,3
totam,nyc2024,1,7692,4,30,25000,2
kageo,nyc2024,1,7730,5,30,15000,2
chshe,nyc2024,1,8675,1,30,100000,3
obhel,nyc2024,1,8689,2,30,60000,3
chviv,nyc2024,1,8721,3,40,40000,3
cheun,nyc2024,1,8758,4,30,25000,2
scfab,nyc2024,1,8791,5,30,15000,2
totam,nyc2023,1,7498,1,30,100000,3
koalb,nyc2023,1,7617,2,H,60000,3
shkit,nyc2023,1,7631,3,H,40000,3
naabd,nyc2023,1,7821,4,30,25000,2
konae,nyc2023,1,7825,5,30,15000,2
obhel,nyc2023,1,8843,1,30,100000,3
gilet,nyc2023,1,8849,2,H,60000,3
losha,nyc2023,1,8853,3,H,40000,3
kobri,nyc2023,1,8865,4,H,25000,2
ngmar,nyc2023,1,8873,5,30,15000,2
kijac,chicago2025,1,7343,1,24,100000,3
kiamo,chicago2025,1,7434,2,33,75000,3
maale,chicago2025,1,7477,3,28,50000,3
macon,chicago2025,1,7483,4,28,30000,2
eshus,chicago2025,1,7489,5,24,25000,2
fehaw,chicago2025,1,8097,1,26,100000,3
almeg,chicago2025,1,8238,2,27,75000,3
shmag,chicago2025,1,8283,3,29,50000,3
chloi,chicago2025,1,8304,4,28,30000,2
ngmar,chicago2025,1,8366,5,36,25000,2
kojoh,chicago2024,1,7364,1,27,100000,3
eshus,chicago2024,1,7479,2,24,75000,3
kiamo,chicago2024,1,7490,3,31,50000,3
ngvin,chicago2024,1,7516,4,25,30000,2
ebdan,chicago2024,1,7564,5,29,25000,2
chrut,chicago2024,1,7796,1,30,100000,3
kesut,chicago2024,1,8252,2,29,75000,3
chiri,chicago2024,1,8271,3,32,50000,3
dibuz,chicago2024,1,8422,4,30,30000,2
jejoy,chicago2024,1,8451,5,30,25000,2
kikel,chicago2023,1,7235,1,23,100000,3
kiben,chicago2023,1,7442,2,32,75000,3
abbas,chicago2023,1,7472,3,34,50000,3
kojoh,chicago2023,1,7509,4,26,30000,2
tuabd,chicago2023,1,7529,5,26,25000,2
hasif,chicago2023,1,8024,1,30,100000,3
chrut,chicago2023,1,8137,2,29,75000,3
almeg,chicago2023,1,8229,3,25,50000,3
jejoy,chicago2023,1,8243,4,29,30000,2
tenar,chicago2023,1,8404,5,22,25000,2
sasab,london2025,1,7347,1,30,55000,3
kijac,london2025,1,7417,2,H,30000,3
muale,london2025,1,7460,3,H,22500,3
naabd,london2025,1,7460,4,35,15000,2
totam,london2025,1,7482,5,30,10000,2
astig,london2025,1,8150,1,H,55000,3
jejoy,london2025,1,8323,2,30,30000,3
hasif,london2025,1,8339,3,30,22500,3
dehav,london2025,1,8357,4,H,15000,2
chviv,london2025,1,8552,5,40,10000,2
muale,london2024,1,7441,1,H,55000,3
beken,london2024,1,7455,2,40,30000,3
caemi,london2024,1,7606,3,H,22500,3
mamah,london2024,1,7625,4,H,15000,2
chhas,london2024,1,7650,5,30,10000,2
jeper,london2024,1,8176,1,30,55000,3
astig,london2024,1,8183,2,H,30000,3
jejoy,london2024,1,8184,3,30,22500,3
almeg,london2024,1,8194,4,H,15000,2
kobri,london2024,1,8342,5,30,10000,2
kikel,london2023,1,7285,1,H,55000,3
kageo,london2023,1,7463,2,30,30000,3
totam,london2023,1,7499,3,30,22500,3
geleu,london2023,1,7545,4,30,15000,2
tuabd,london2023,1,7598,5,H,10000,2
hasif,london2023,1,8313,1,30,55000,3
meale,london2023,1,8317,2,H,30000,3
jeper,london2023,1,8318,3,30,22500,3
chshe,london2023,1,8332,4,30,15000,2
yeyal,london2023,1,8333,5,H,10000,2
abtad,tokyo2023,1,7538,6,H,4000,2
yaich,tokyo2023,1,7551,7,H,3000,2
soken,tokyo2023,1,7559,8,30,2000,2
ossug,tokyo2023,1,7573,9,30,1000,2
inhir,tokyo2023,1,7629,10,30,500,2
mamit,tokyo2023,1,8504,6,H,4000,2
hoai,tokyo2023,1,8528,7,H,3000,2
fllin,tokyo2023,1,8768,8,30,2000,2
mokao,tokyo2023,1,8791,9,H,1000,2
abyuk,tokyo2023,1,8900,10,30,500,2
hinii,tokyo2024,1,8510,6,35,4000,2
meabe,tokyo2024,1,8588,7,H,3000,2
khgal,tokyo2024,1,8792,8,30,2000,2
tiaba,tokyo2024,1,8933,9,30,1000,2
aymor,tokyo2024,1,9098,10,H,500,2
bekib,tokyo2024,1,7586,6,30,4000,2
haala,tokyo2024,1,7587,7,30,3000,2
sikar,tokyo2024,1,7589,8,H,2000,2
yunis,tokyo2024,1,7591,9,30,1000,2
kieli,tokyo2024,1,7610,10,40,500,2
modes,tokyo2025,1,8407,6,H,4000,2
gegot,tokyo2025,1,8425,7,30,3000,2
azdeg,tokyo2025,1,8426,8,H,2000,2
zhdes,tokyo2025,1,8453,9,H,1000,2
stjes,tokyo2025,1,8576,10,35,500,2
kiben,tokyo2025,1,7546,6,30,4000,2
togeo,tokyo2025,1,7546,7,H,3000,2
hasul,tokyo2025,1,7557,8,H,2000,2
chjos,tokyo2025,1,7559,9,H,1000,2
ictsu,tokyo2025,1,7560,10,H,500,2
chvio,nyc2023,1,8891,6,30,10000,2
kiedn,nyc2023,1,8980,7,40,7500,2
takel,nyc2023,1,8988,8,35,5000,2
humol,nyc2023,1,9122,9,35,2500,2
zefan,nyc2023,1,9250,10,H,2000,2
temar,nyc2023,1,7828,6,30,10000,2
aoili,nyc2023,1,2854,7,H,7500,2
chedw,nyc2023,1,7867,8,H,5000,2
yijem,nyc2023,1,7891,9,H,2500,2
zifut,nyc2023,1,7929,10,30,2000,2
vasar,nyc2024,1,8816,6,35,10000,2
tesen,nyc2024,1,8834,7,H,7500,2
mcjes,nyc2024,1,8839,8,30,5000,2
losha,nyc2024,1,8865,9,30,2500,2
takel,nyc2024,1,8879,10,35,2000,2
macon,nyc2024,1,7761,6,H,10000,2
yocla,nyc2024,1,7761,7,30,7500,2
kiabe,nyc2024,1,7839,8,30,5000,2
abbas,nyc2024,1,7839,9,35,2500,2
alcj,nyc2024,1,7857,10,30,2000,2
hasif,nyc2025,1,8683,6,30,10000,2
wajes,nyc2025,1,8685,7,30,7500,2
siemi,nyc2025,1,8705,8,30,5000,2
veama,nyc2025,1,8740,9,H,2500,2
mcfio,nyc2025,1,8820,10,40,2000,2
hicha,nyc2025,1,7799,6,H,10000,2
moson,nyc2025,1,7815,7,30,7500,2
wetse,nyc2025,1,7836,8,H,5000,2
kljoe,nyc2025,1,7837,9,H,2500,2
madan,nyc2025,1,7840,10,40,2000,2
caemi,london2023,1,7687,6,H,7500,2
robre,london2023,1,7819,7,30,5000,2
sephi,london2023,1,7823,8,30,4000,2
famo,london2023,1,7828,9,40,3000,2
thchr,london2023,1,7910,10,40,2000,2
kojud,london2023,1,8441,6,H,7500,2
ayalm,london2023,1,8444,7,30,5000,2
tetad,london2023,1,8491,8,H,4000,2
yasof,london2023,1,8642,9,H,3000,2
susus,london2023,1,8667,10,30,2000,2
asbok,london2024,1,7680,6,H,7500,2
ozkaa,london2024,1,7710,7,35,5000,2
cryem,london2024,1,7725,8,H,4000,2
scmar,london2024,1,7750,9,30,3000,2
hacal,london2024,1,7805,10,30,2000,2
chshe,london2024,1,8371,6,30,7500,2
hatsi,london2024,1,8410,7,H,5000,2
yeyal,london2024,1,8465,8,H,4000,2
chrut,london2024,1,8530,9,30,3000,2
ayalm,london2024,1,8580,10,30,2000,2
caemi,london2025,1,7530,6,H,7500,2
sephi,london2025,1,7575,7,30,5000,2
ammor,london2025,1,7610,8,35,4000,2
robre,london2025,1,7640,9,30,3000,2
moson,london2025,1,7690,10,30,2000,2
meale,london2025,1,8565,6,H,7500,2
jeper,london2025,1,8590,7,30,5000,2
thcal,london2025,1,8640,8,30,4000,2
haros,london2025,1,8655,9,30,3000,2
pucha,london2025,1,8705,10,30,2000,2
macon,chicago2023,1,7667,6,H,no,2
yocla,chicago2023,1,7680,7,30,no,2
rugal,chicago2023,1,7728,8,H,no,2
chsam,chicago2023,1,7730,9,H,no,2
ictak,chicago2023,1,7737,10,30,no,2
digen,chicago2023,1,8507,6,H,no,2
siemi,chicago2023,1,8529,7,35,no,2
semol,chicago2023,1,8587,8,H,no,2
haros,chicago2023,1,8601,9,30,no,2
vasar,chicago2023,1,8604,10,30,no,2
hokyo,chicago2024,1,7640,6,30,no,2
alcj,chicago2024,1,7697,7,H,no,2
satos,chicago2024,1,7702,8,H,no,2
maale,chicago2024,1,7731,9,30,no,2
pazac,chicago2024,1,7756,10,30,no,2
azdeg,chicago2024,1,8452,6,30,no,2
susus,chicago2024,1,8516,7,H,no,2
beash,chicago2024,1,8590,8,35,no,2
fllin,chicago2024,1,8611,9,30,no,2
ndsta,chicago2024,1,8622,10,30,no,2
tusei,chicago2025,1,7517,6,H,no,2
kageo,chicago2025,1,7531,7,30,no,2
kiphi,chicago2025,1,7574,8,30,no,2
liror,chicago2025,1,7609,9,30,no,2
abbas,chicago2025,1,7628,10,30,no,2
ronat,chicago2025,1,8608,6,30,no,2
podak,chicago2025,1,8660,7,30,no,2
boflo,chicago2025,1,8663,8,30,no,2
rogab,chicago2025,1,8792,9,35,no,2
jumel,chicago2025,1,8828,10,H,no,2
liror,boston2025,1,7622,6,H,5000,2
yocla,boston2025,1,7624,7,30,4000,2
rateb,boston2025,1,7639,8,H,3000,2
madan,boston2025,1,7672,9,H,2000,2
forya,boston2025,1,7680,10,H,1500,2
thcal,boston2025,1,8558,6,30,5000,2
mcjes,boston2025,1,8563,7,30,4000,2
frann,boston2025,1,8601,8,H,3000,2
ndsta,boston2025,1,8609,9,30,2000,2
hatsi,boston2025,1,8623,10,H,1500,2
mpisa,boston2024,1,7697,6,35,5000,2
alcj,boston2024,1,7793,7,30,4000,2
moyum,boston2024,1,7799,8,H,3000,2
kocyb,boston2024,1,7829,9,30,2000,2
tazou,boston2024,1,7845,10,H,1500,2
ngmar,boston2024,1,8664,6,35,5000,2
edwor,boston2024,1,8687,7,30,4000,2
gafat,boston2024,1,8693,8,30,3000,2
metir,boston2024,1,8698,9,H,2000,2
dider,boston2024,1,8716,10,H,1500,2
kieli,boston2023,1,7763,6,35,5000,2
fasco,boston2023,1,7784,7,30,4000,2
chhas,boston2023,1,7786,8,30,3000,2
kojoh,boston2023,1,7804,9,H,2000,2
mcmat,boston2023,1,7817,10,H,1500,2
wenaz,boston2023,1,8605,6,30,5000,2
taang,boston2023,1,8652,7,30,4000,2
gehiw,boston2023,1,8670,8,H,3000,2
ngmar,boston2023,1,8673,9,30,2000,2
gegot,boston2023,1,8674,10,H,1500,2
chhas,berlin2025,1,7663,6,35,5000,2
kishi,berlin2025,1,7717,7,30,4000,2
pfhen,berlin2025,1,7754,8,30,3000,2
pajos,berlin2025,1,7775,9,30,2000,2
ouahm,berlin2025,1,7839,10,H,1500,2
kofab,berlin2025,1,8537,6,30,5000,2
azdeg,berlin2025,1,8582,7,H,4000,2
madom,berlin2025,1,8596,8,35,3000,2
mahon,berlin2025,1,8676,9,H,2000,2
fimes,berlin2025,1,8692,10,H,1500,2
ikyoh,berlin2024,1,7512,6,H,5000,2
tatad,berlin2024,1,7513,7,H,4000,2
ruoqu,berlin2024,1,7537,8,H,3000,2
oneno,berlin2024,1,7553,9,H,2000,2
kader,berlin2024,1,7554,10,H,1500,2
mamiz,berlin2024,1,8442,6,H,5000,2
hacal,berlin2024,1,8483,7,30,4000,2
meyeb,berlin2024,1,8499,8,30,3000,2
wefik,berlin2024,1,8603,9,H,2000,2
gosis,berlin2024,1,8616,10,H,1500,2
shian,berlin2023,1,7484,6,30,5000,2
kiamo,berlin2023,1,7489,7,30,4000,2
kiphi,berlin2023,1,7496,8,H,3000,2
peama,berlin2023,1,7498,9,H,2000,2
kibon,berlin2023,1,7505,10,H,1500,2
dider,berlin2023,1,8364,6,H,5000,2
edwor,berlin2023,1,8380,7,30,4000,2
behel,berlin2023,1,8384,8,H,3000,2
pucha,berlin2023,1,8537,9,30,2000,2
wefik,berlin2023,1,8581,10,H,1500,2